experiment,seed,value,accuracy,rate_accuracy,miss_rate,loss,loss_paper,input_log_likelihood,confusion_matrix_str
inhibition_rest_classic,5464,0,0.28,0.62,0.0,0.8100602822590768,0.45926045105935337,-186.71278254005588,"[[0. 4. 0. 1. 0. 0. 2. 2. 1. 0. 0.]
 [0. 1. 0. 1. 1. 2. 1. 2. 2. 0. 0.]
 [0. 0. 0. 2. 0. 1. 2. 3. 2. 0. 0.]
 [0. 2. 0. 1. 3. 2. 2. 0. 0. 0. 0.]
 [0. 1. 0. 1. 0. 3. 2. 3. 0. 0. 0.]
 [0. 0. 0. 1. 1. 1. 6. 0. 1. 0. 0.]
 [0. 1. 0. 1. 0. 2. 2. 3. 1. 0. 0.]
 [0. 0. 0. 1. 0. 0. 1. 3. 5. 0. 0.]
 [0. 0. 0. 2. 0. 2. 3. 0. 1. 2. 0.]
 [0. 2. 0. 3. 0. 3. 0. 1. 1. 0. 0.]
 [0. 0. 0. 0. 0. 0. 0. 0. 0. 0. 0.]]"
inhibition_rest_classic,5464,0,0.25,0.49,0.01,0.8367514331486899,0.45828667075917456,-191.64824952895518,"[[0. 0. 0. 0. 0. 2. 1. 0. 5. 2. 0.]
 [0. 0. 3. 1. 0. 1. 1. 0. 4. 0. 0.]
 [0. 0. 1. 3. 0. 3. 1. 0. 2. 0. 0.]
 [0. 0. 1. 2. 2. 0. 3. 0. 2. 0. 0.]
 [0. 0. 2. 0. 0. 5. 0. 0. 2. 1. 0.]
 [0. 0. 0. 0. 2. 2. 3. 0. 3. 0. 0.]
 [1. 0. 0. 0. 0. 1. 3. 0. 4. 1. 0.]
 [0. 0. 1. 1. 1. 1. 0. 0. 6. 0. 0.]
 [0. 0. 2. 0. 0. 1. 2. 0. 2. 3. 0.]
 [0. 0. 4. 0. 0. 4. 0. 0. 2. 0. 0.]
 [0. 0. 0. 0. 0. 0. 0. 0. 0. 0. 0.]]"
inhibition_rest_classic,5464,0,0.2,0.43,0.0,0.8806789826011627,0.47233698428090176,-193.09876578444644,"[[0. 4. 0. 2. 2. 0. 0. 0. 0. 1. 1.]
 [0. 2. 0. 1. 2. 0. 1. 0. 0. 3. 1.]
 [0. 0. 0. 2. 1. 0. 1. 0. 0. 6. 0.]
 [0. 0. 0. 4. 3. 0. 2. 0. 0. 1. 0.]
 [0. 0. 0. 5. 0. 3. 0. 0. 0. 2. 0.]
 [0. 2. 0. 3. 2. 1. 1. 0. 0. 1. 0.]
 [0. 2. 0. 4. 2. 1. 0. 0. 0. 1. 0.]
 [0. 0. 0. 1. 3. 0. 2. 0. 0. 3. 1.]
 [0. 1. 0. 1. 1. 1. 0. 0. 0. 6. 0.]
 [0. 1. 0. 3. 1. 0. 1. 0. 0. 3. 1.]
 [0. 0. 0. 0. 0. 0. 0. 0. 0. 0. 0.]]"
inhibition_rest_classic,5464,0,0.25,0.43,0.02,0.7968151687284609,0.44851235443907816,-191.48371190273184,"[[0. 5. 0. 0. 0. 0. 2. 0. 0. 3. 0.]
 [1. 3. 0. 1. 0. 0. 0. 0. 3. 2. 0.]
 [0. 0. 0. 5. 0. 1. 0. 0. 2. 2. 0.]
 [0. 2. 0. 1. 0. 0. 2. 0. 3. 2. 0.]
 [0. 1. 0. 0. 0. 1. 0. 0. 5. 3. 0.]
 [1. 1. 0. 0. 0. 1. 3. 0. 3. 1. 0.]
 [0. 0. 0. 0. 0. 2. 2. 3. 1. 2. 0.]
 [0. 0. 0. 0. 0. 1. 0. 1. 6. 2. 0.]
 [0. 0. 0. 1. 0. 2. 2. 0. 3. 2. 0.]
 [0. 0. 0. 0. 0. 8. 0. 0. 1. 1. 0.]
 [0. 0. 0. 0. 0. 0. 0. 0. 0. 0. 0.]]"
inhibition_rest_classic,5464,0,0.29,0.52,0.03,0.8140034354575354,0.4590281546630598,-191.73607556594766,"[[0. 3. 0. 0. 1. 0. 3. 1. 0. 0. 2.]
 [0. 3. 4. 0. 1. 0. 0. 1. 0. 0. 1.]
 [0. 0. 2. 0. 1. 0. 4. 0. 2. 0. 1.]
 [0. 2. 0. 0. 3. 1. 2. 1. 1. 0. 0.]
 [1. 0. 1. 0. 2. 2. 1. 0. 2. 0. 1.]
 [0. 2. 0. 0. 0. 0. 7. 0. 0. 0. 1.]
 [1. 2. 0. 0. 0. 0. 4. 2. 0. 0. 1.]
 [1. 0. 3. 0. 0. 0. 1. 1. 4. 0. 0.]
 [0. 0. 0. 0. 0. 0. 4. 1. 1. 3. 1.]
 [0. 0. 3. 0. 1. 0. 3. 2. 0. 0. 1.]
 [0. 0. 0. 0. 0. 0. 0. 0. 0. 0. 0.]]"
inhibition_rest_classic,5464,25,0.31,0.59,0.0,0.7366604164585253,0.427927462195284,-188.93212066720403,"[[0. 5. 0. 0. 1. 0. 0. 0. 4. 0. 0.]
 [0. 1. 5. 0. 0. 0. 0. 1. 0. 3. 0.]
 [0. 1. 0. 7. 0. 0. 0. 1. 0. 0. 1.]
 [0. 1. 0. 1. 1. 0. 0. 5. 1. 0. 1.]
 [0. 3. 0. 2. 0. 0. 0. 1. 2. 2. 0.]
 [0. 1. 0. 0. 1. 0. 0. 1. 1. 2. 4.]
 [0. 2. 0. 0. 1. 0. 0. 2. 3. 2. 0.]
 [0. 0. 0. 0. 0. 0. 0. 3. 2. 1. 4.]
 [0. 3. 0. 0. 0. 0. 0. 0. 2. 3. 2.]
 [0. 0. 0. 1. 1. 0. 0. 0. 1. 1. 6.]
 [0. 0. 0. 0. 0. 0. 0. 0. 0. 0. 0.]]"
inhibition_rest_classic,5464,25,0.28,0.55,0.03,0.8260049305362073,0.4537218468299814,-192.23643975116659,"[[1. 3. 0. 2. 2. 1. 0. 0. 0. 1. 0.]
 [0. 0. 1. 0. 4. 1. 1. 0. 0. 2. 1.]
 [0. 0. 0. 6. 1. 1. 1. 0. 0. 1. 0.]
 [0. 0. 0. 1. 7. 1. 0. 0. 0. 0. 1.]
 [1. 0. 0. 1. 3. 2. 2. 0. 0. 0. 1.]
 [0. 2. 0. 2. 1. 0. 2. 0. 0. 3. 0.]
 [1. 0. 1. 0. 2. 1. 2. 0. 0. 1. 2.]
 [0. 2. 0. 0. 3. 0. 2. 0. 0. 1. 2.]
 [0. 1. 0. 0. 2. 1. 3. 0. 0. 3. 0.]
 [0. 0. 0. 1. 5. 0. 0. 0. 0. 0. 4.]
 [0. 0. 0. 0. 0. 0. 0. 0. 0. 0. 0.]]"
inhibition_rest_classic,5464,25,0.23,0.51,0.01,0.8097404882696561,0.4539876907265992,-192.99713911518484,"[[0. 0. 0. 0. 0. 2. 0. 2. 3. 1. 2.]
 [0. 0. 3. 0. 2. 0. 0. 1. 1. 0. 3.]
 [0. 0. 1. 0. 0. 0. 0. 1. 1. 0. 7.]
 [0. 0. 1. 0. 1. 0. 0. 5. 0. 0. 3.]
 [0. 0. 0. 0. 0. 3. 0. 2. 1. 1. 3.]
 [1. 0. 3. 0. 0. 0. 0. 4. 0. 0. 2.]
 [0. 0. 0. 0. 1. 0. 0. 6. 2. 0. 1.]
 [0. 0. 0. 0. 1. 0. 0. 3. 4. 0. 2.]
 [0. 0. 0. 0. 2. 1. 0. 1. 0. 2. 4.]
 [0. 0. 0. 0. 1. 0. 0. 3. 1. 1. 4.]
 [0. 0. 0. 0. 0. 0. 0. 0. 0. 0. 0.]]"
inhibition_rest_classic,5464,25,0.23,0.36,0.02,0.8596384109720816,0.47115075291360925,-194.73955328490635,"[[0. 0. 0. 0. 1. 0. 2. 0. 3. 3. 1.]
 [1. 0. 0. 0. 0. 1. 3. 0. 2. 0. 3.]
 [0. 0. 0. 4. 0. 0. 3. 0. 0. 3. 0.]
 [0. 0. 0. 1. 2. 2. 1. 0. 3. 1. 0.]
 [0. 0. 0. 0. 1. 1. 3. 0. 5. 0. 0.]
 [1. 0. 0. 1. 0. 0. 7. 0. 1. 0. 0.]
 [0. 0. 0. 0. 1. 0. 4. 0. 2. 2. 1.]
 [0. 0. 0. 1. 0. 1. 3. 0. 3. 1. 1.]
 [0. 0. 0. 0. 0. 0. 2. 0. 3. 5. 0.]
 [0. 0. 0. 2. 0. 2. 0. 0. 3. 2. 1.]
 [0. 0. 0. 0. 0. 0. 0. 0. 0. 0. 0.]]"
inhibition_rest_classic,5464,25,0.18,0.51,0.04,0.8025000689800255,0.448899842130754,-188.6400636889178,"[[0. 5. 0. 2. 0. 1. 2. 0. 0. 0. 0.]
 [0. 0. 1. 2. 3. 1. 3. 0. 0. 0. 0.]
 [1. 2. 1. 4. 0. 0. 1. 0. 0. 1. 0.]
 [0. 0. 1. 1. 4. 1. 1. 0. 0. 2. 0.]
 [1. 0. 1. 4. 2. 0. 2. 0. 0. 0. 0.]
 [0. 0. 0. 1. 4. 0. 4. 0. 0. 1. 0.]
 [1. 2. 2. 2. 2. 1. 0. 0. 0. 0. 0.]
 [1. 5. 0. 1. 1. 2. 0. 0. 0. 0. 0.]
 [0. 1. 4. 1. 2. 0. 2. 0. 0. 0. 0.]
 [0. 0. 1. 2. 2. 0. 5. 0. 0. 0. 0.]
 [0. 0. 0. 0. 0. 0. 0. 0. 0. 0. 0.]]"
inhibition_rest_classic,5464,50,0.22,0.51,0.05,0.774579149543431,0.43817463290175573,-190.95774167538926,"[[0. 3. 2. 0. 0. 0. 2. 1. 2. 0. 0.]
 [0. 0. 1. 0. 0. 0. 1. 6. 1. 1. 0.]
 [0. 4. 1. 0. 0. 0. 2. 2. 1. 0. 0.]
 [0. 0. 3. 0. 0. 0. 4. 0. 0. 3. 0.]
 [1. 0. 1. 0. 0. 5. 3. 0. 0. 0. 0.]
 [2. 1. 1. 0. 0. 1. 3. 1. 1. 0. 0.]
 [1. 1. 1. 0. 0. 1. 1. 3. 1. 1. 0.]
 [1. 0. 3. 0. 0. 1. 0. 0. 5. 0. 0.]
 [0. 0. 0. 0. 0. 1. 4. 2. 1. 2. 0.]
 [0. 0. 3. 0. 0. 1. 2. 0. 2. 2. 0.]
 [0. 0. 0. 0. 0. 0. 0. 0. 0. 0. 0.]]"
inhibition_rest_classic,5464,50,0.25,0.54,0.1,0.7610770429289859,0.43414323144693645,-189.01785002590168,"[[1. 6. 0. 1. 2. 0. 0. 0. 0. 0. 0.]
 [2. 2. 3. 1. 1. 0. 0. 0. 0. 1. 0.]
 [0. 4. 0. 1. 1. 0. 0. 0. 0. 2. 2.]
 [0. 0. 0. 3. 3. 1. 0. 2. 0. 0. 1.]
 [2. 0. 0. 1. 0. 4. 0. 0. 0. 1. 2.]
 [1. 2. 0. 5. 0. 0. 0. 0. 0. 2. 0.]
 [1. 0. 0. 0. 2. 1. 0. 4. 0. 1. 1.]
 [1. 5. 0. 2. 1. 0. 0. 0. 0. 0. 1.]
 [1. 1. 0. 3. 1. 2. 0. 0. 0. 1. 1.]
 [1. 0. 1. 1. 0. 0. 0. 3. 0. 1. 3.]
 [0. 0. 0. 0. 0. 0. 0. 0. 0. 0. 0.]]"
inhibition_rest_classic,5464,50,0.3,0.45,0.06,0.7900458713006903,0.4562124791713212,-189.9135981647088,"[[1. 1. 0. 1. 1. 1. 2. 0. 2. 1. 0.]
 [1. 0. 2. 1. 0. 1. 3. 0. 2. 0. 0.]
 [0. 1. 1. 1. 1. 1. 0. 0. 3. 1. 1.]
 [2. 0. 0. 0. 6. 0. 0. 0. 2. 0. 0.]
 [0. 0. 2. 0. 0. 3. 2. 0. 3. 0. 0.]
 [1. 0. 0. 0. 1. 0. 7. 1. 0. 0. 0.]
 [1. 0. 0. 1. 0. 1. 2. 3. 2. 0. 0.]
 [0. 0. 1. 1. 0. 2. 1. 0. 4. 0. 1.]
 [0. 0. 1. 0. 0. 3. 2. 1. 2. 1. 0.]
 [0. 0. 1. 0. 1. 0. 1. 0. 5. 0. 2.]
 [0. 0. 0. 0. 0. 0. 0. 0. 0. 0. 0.]]"
inhibition_rest_classic,5464,50,0.21,0.49,0.06,0.7720847125723648,0.4423273204378529,-189.67179991626938,"[[0. 3. 0. 5. 1. 0. 0. 1. 0. 0. 0.]
 [1. 2. 0. 2. 1. 0. 2. 0. 0. 2. 0.]
 [0. 1. 0. 2. 0. 3. 2. 0. 2. 0. 0.]
 [1. 1. 0. 1. 1. 1. 1. 0. 0. 3. 1.]
 [1. 2. 0. 0. 0. 7. 0. 0. 0. 0. 0.]
 [2. 1. 0. 2. 0. 2. 0. 1. 2. 0. 0.]
 [0. 0. 0. 3. 0. 1. 0. 6. 0. 0. 0.]
 [1. 2. 0. 1. 1. 2. 0. 1. 1. 0. 1.]
 [0. 2. 0. 2. 0. 3. 0. 2. 0. 0. 1.]
 [0. 4. 0. 2. 1. 0. 1. 1. 0. 0. 1.]
 [0. 0. 0. 0. 0. 0. 0. 0. 0. 0. 0.]]"
inhibition_rest_classic,5464,50,0.2,0.42,0.08,0.8229622474579594,0.45923581781222056,-193.60942267341537,"[[0. 8. 0. 0. 0. 2. 0. 0. 0. 0. 0.]
 [0. 4. 1. 1. 0. 3. 1. 0. 0. 0. 0.]
 [2. 2. 1. 1. 0. 0. 3. 0. 0. 0. 1.]
 [0. 3. 2. 0. 0. 1. 4. 0. 0. 0. 0.]
 [2. 2. 0. 1. 0. 4. 1. 0. 0. 0. 0.]
 [0. 2. 2. 0. 0. 1. 4. 0. 0. 0. 1.]
 [1. 2. 0. 1. 0. 3. 3. 0. 0. 0. 0.]
 [1. 3. 2. 1. 0. 1. 0. 0. 0. 0. 2.]
 [1. 2. 1. 0. 0. 1. 4. 0. 0. 0. 1.]
 [1. 1. 2. 2. 0. 0. 2. 0. 0. 0. 2.]
 [0. 0. 0. 0. 0. 0. 0. 0. 0. 0. 0.]]"
inhibition_rest_classic,5464,75,0.14,0.35,0.11,0.7979691816587572,0.4552088290008144,-194.7662792478964,"[[1. 1. 2. 0. 2. 0. 3. 0. 0. 1. 0.]
 [2. 0. 1. 1. 2. 0. 4. 0. 0. 0. 0.]
 [0. 0. 1. 3. 1. 0. 4. 0. 1. 0. 0.]
 [0. 1. 0. 0. 0. 0. 7. 0. 0. 2. 0.]
 [1. 2. 0. 1. 2. 0. 4. 0. 0. 0. 0.]
 [2. 0. 0. 1. 1. 0. 6. 0. 0. 0. 0.]
 [3. 1. 1. 0. 0. 0. 4. 0. 1. 0. 0.]
 [0. 0. 0. 0. 0. 0. 8. 0. 1. 1. 0.]
 [2. 1. 0. 2. 0. 0. 3. 0. 0. 2. 0.]
 [0. 0. 0. 1. 4. 0. 5. 0. 0. 0. 0.]
 [0. 0. 0. 0. 0. 0. 0. 0. 0. 0. 0.]]"
inhibition_rest_classic,5464,75,0.12,0.34,0.16,0.8074740939788883,0.4506918299934337,-193.76714950697308,"[[1. 4. 0. 1. 2. 1. 0. 0. 0. 1. 0.]
 [2. 4. 0. 0. 0. 1. 1. 2. 0. 0. 0.]
 [0. 4. 0. 2. 2. 1. 0. 1. 0. 0. 0.]
 [0. 2. 0. 1. 2. 2. 2. 1. 0. 0. 0.]
 [3. 3. 0. 1. 0. 2. 0. 0. 0. 1. 0.]
 [1. 0. 0. 1. 4. 3. 1. 0. 0. 0. 0.]
 [1. 2. 0. 1. 3. 1. 1. 0. 0. 1. 0.]
 [3. 4. 0. 0. 0. 1. 0. 2. 0. 0. 0.]
 [3. 0. 0. 1. 0. 2. 2. 1. 0. 1. 0.]
 [2. 1. 0. 1. 1. 1. 0. 3. 0. 1. 0.]
 [0. 0. 0. 0. 0. 0. 0. 0. 0. 0. 0.]]"
inhibition_rest_classic,5464,75,0.28,0.62,0.09,0.7699535191527617,0.4399977757091102,-188.08275589873185,"[[1. 2. 0. 0. 2. 1. 0. 0. 0. 2. 2.]
 [1. 1. 3. 0. 1. 1. 0. 0. 1. 0. 2.]
 [1. 1. 1. 0. 2. 0. 0. 1. 0. 1. 3.]
 [2. 0. 0. 0. 2. 0. 0. 1. 0. 1. 4.]
 [1. 0. 1. 0. 1. 5. 0. 0. 0. 1. 1.]
 [1. 0. 0. 0. 2. 2. 0. 0. 0. 0. 5.]
 [1. 0. 0. 0. 1. 1. 0. 3. 1. 1. 2.]
 [0. 1. 0. 0. 1. 0. 0. 1. 1. 4. 2.]
 [0. 1. 0. 0. 1. 0. 0. 0. 1. 6. 1.]
 [1. 0. 0. 0. 1. 0. 0. 1. 1. 0. 6.]
 [0. 0. 0. 0. 0. 0. 0. 0. 0. 0. 0.]]"
inhibition_rest_classic,5464,75,0.2,0.5,0.15,0.7980521196328295,0.4492122913962583,-192.83229716970575,"[[2. 2. 1. 1. 0. 2. 0. 0. 1. 0. 1.]
 [3. 1. 3. 0. 0. 0. 0. 0. 2. 0. 1.]
 [0. 0. 0. 3. 0. 0. 0. 0. 6. 1. 0.]
 [4. 0. 0. 0. 0. 1. 0. 0. 3. 0. 2.]
 [1. 1. 0. 0. 0. 0. 1. 2. 4. 1. 0.]
 [3. 0. 1. 0. 0. 0. 0. 1. 3. 1. 1.]
 [0. 1. 1. 2. 0. 2. 1. 1. 2. 0. 0.]
 [1. 0. 0. 0. 0. 0. 0. 1. 8. 0. 0.]
 [0. 0. 2. 1. 0. 2. 0. 0. 1. 1. 3.]
 [1. 0. 0. 3. 0. 0. 0. 1. 2. 1. 2.]
 [0. 0. 0. 0. 0. 0. 0. 0. 0. 0. 0.]]"
inhibition_rest_classic,5464,75,0.1,0.4,0.15,0.769957977511083,0.44045621990418876,-194.74732980051851,"[[2. 1. 1. 1. 0. 0. 2. 0. 0. 0. 3.]
 [1. 3. 1. 1. 0. 3. 1. 0. 0. 0. 0.]
 [2. 2. 0. 1. 0. 2. 0. 0. 0. 0. 3.]
 [1. 1. 3. 2. 0. 0. 0. 0. 2. 0. 1.]
 [2. 1. 0. 1. 0. 2. 1. 0. 1. 0. 2.]
 [1. 0. 0. 1. 0. 3. 0. 0. 0. 0. 5.]
 [1. 1. 0. 1. 0. 5. 1. 0. 0. 0. 1.]
 [3. 0. 1. 1. 0. 2. 0. 0. 3. 0. 0.]
 [1. 0. 1. 1. 0. 6. 0. 0. 0. 0. 1.]
 [1. 4. 0. 0. 0. 0. 1. 0. 2. 0. 2.]
 [0. 0. 0. 0. 0. 0. 0. 0. 0. 0. 0.]]"
inhibition_rest_classic,5464,100,0.24,0.49,0.22,0.7368599336917876,0.43377297031365936,-192.82954418266894,"[[1. 3. 0. 1. 0. 0. 2. 0. 3. 0. 0.]
 [3. 0. 3. 1. 0. 0. 0. 0. 1. 0. 2.]
 [4. 1. 0. 2. 0. 0. 0. 0. 0. 1. 2.]
 [1. 1. 0. 2. 2. 0. 0. 0. 2. 1. 1.]
 [2. 2. 0. 0. 0. 0. 3. 0. 1. 1. 1.]
 [3. 0. 0. 1. 0. 0. 4. 0. 1. 0. 1.]
 [2. 4. 0. 0. 0. 0. 1. 0. 1. 0. 2.]
 [2. 0. 0. 0. 0. 0. 3. 0. 1. 2. 2.]
 [4. 1. 1. 0. 0. 0. 0. 0. 1. 3. 0.]
 [0. 1. 0. 1. 0. 0. 1. 0. 0. 1. 6.]
 [0. 0. 0. 0. 0. 0. 0. 0. 0. 0. 0.]]"
inhibition_rest_classic,5464,100,0.16,0.37,0.24,0.7514706946833574,0.43794237350890913,-194.73297559711747,"[[2. 3. 1. 1. 0. 1. 0. 1. 1. 0. 0.]
 [2. 1. 7. 0. 0. 0. 0. 0. 0. 0. 0.]
 [2. 1. 3. 0. 0. 1. 0. 0. 2. 0. 1.]
 [0. 3. 1. 1. 1. 0. 0. 2. 2. 0. 0.]
 [5. 0. 1. 0. 0. 0. 2. 0. 0. 0. 2.]
 [3. 1. 2. 0. 1. 1. 1. 0. 0. 0. 1.]
 [1. 2. 3. 0. 0. 1. 0. 2. 1. 0. 0.]
 [2. 1. 3. 1. 1. 0. 0. 0. 1. 0. 1.]
 [3. 2. 2. 0. 0. 0. 2. 0. 1. 0. 0.]
 [4. 1. 0. 0. 1. 0. 1. 1. 1. 0. 1.]
 [0. 0. 0. 0. 0. 0. 0. 0. 0. 0. 0.]]"
inhibition_rest_classic,5464,100,0.12,0.45,0.34,0.725884269958268,0.42797924985865327,-194.66960551916407,"[[1. 1. 0. 1. 0. 1. 1. 0. 2. 0. 3.]
 [4. 0. 0. 2. 1. 0. 3. 0. 0. 0. 0.]
 [2. 2. 0. 6. 0. 0. 0. 0. 0. 0. 0.]
 [4. 1. 0. 0. 1. 0. 1. 1. 2. 0. 0.]
 [5. 1. 0. 0. 0. 0. 2. 0. 0. 0. 2.]
 [4. 1. 0. 0. 0. 1. 0. 0. 2. 0. 2.]
 [2. 2. 0. 3. 1. 1. 0. 1. 0. 0. 0.]
 [1. 0. 0. 0. 0. 2. 0. 2. 3. 0. 2.]
 [4. 1. 0. 2. 0. 0. 0. 1. 1. 0. 1.]
 [7. 1. 0. 0. 0. 2. 0. 0. 0. 0. 0.]
 [0. 0. 0. 0. 0. 0. 0. 0. 0. 0. 0.]]"
inhibition_rest_classic,5464,100,0.14,0.38,0.23,0.7855414771514907,0.4519813398311633,-195.16051544865257,"[[4. 0. 0. 0. 3. 0. 0. 3. 0. 0. 0.]
 [3. 1. 0. 0. 3. 0. 0. 1. 1. 0. 1.]
 [0. 4. 1. 0. 2. 0. 0. 0. 3. 0. 0.]
 [3. 2. 0. 0. 4. 0. 0. 1. 0. 0. 0.]
 [2. 1. 2. 0. 2. 0. 0. 1. 0. 0. 2.]
 [4. 0. 0. 0. 2. 0. 0. 1. 2. 0. 1.]
 [1. 0. 1. 0. 3. 0. 0. 4. 1. 0. 0.]
 [1. 0. 1. 0. 1. 0. 0. 0. 5. 0. 2.]
 [1. 0. 2. 0. 1. 0. 0. 4. 2. 0. 0.]
 [4. 1. 0. 0. 0. 0. 0. 1. 3. 0. 1.]
 [0. 0. 0. 0. 0. 0. 0. 0. 0. 0. 0.]]"
inhibition_rest_classic,5464,100,0.12,0.3,0.27,0.7426058751117127,0.4296811535239928,-196.52231528981503,"[[2. 2. 2. 0. 0. 2. 1. 0. 0. 1. 0.]
 [1. 0. 2. 0. 0. 0. 0. 0. 6. 1. 0.]
 [3. 3. 1. 0. 0. 0. 0. 0. 0. 3. 0.]
 [5. 1. 0. 0. 1. 0. 2. 0. 1. 0. 0.]
 [3. 3. 0. 0. 0. 0. 1. 0. 3. 0. 0.]
 [2. 1. 2. 0. 0. 0. 1. 0. 2. 2. 0.]
 [2. 3. 1. 0. 2. 1. 0. 0. 1. 0. 0.]
 [5. 0. 0. 0. 0. 0. 1. 0. 4. 0. 0.]
 [2. 2. 2. 0. 0. 0. 1. 0. 1. 2. 0.]
 [2. 1. 1. 0. 1. 1. 1. 0. 1. 2. 0.]
 [0. 0. 0. 0. 0. 0. 0. 0. 0. 0. 0.]]"
inhibition_rest_classic,5464,125,0.17,0.54,0.38,0.7152271496809274,0.4291393892522438,-194.9445329553432,"[[4. 1. 1. 0. 2. 1. 0. 0. 0. 0. 1.]
 [4. 2. 1. 0. 0. 1. 0. 0. 0. 0. 2.]
 [6. 0. 1. 0. 0. 0. 1. 0. 1. 0. 1.]
 [2. 0. 0. 0. 4. 0. 0. 0. 0. 3. 1.]
 [4. 1. 1. 0. 1. 2. 1. 0. 0. 0. 0.]
 [4. 0. 1. 0. 0. 0. 2. 0. 0. 3. 0.]
 [4. 0. 2. 0. 0. 2. 0. 0. 0. 2. 0.]
 [3. 1. 1. 0. 1. 1. 0. 0. 1. 1. 1.]
 [6. 0. 1. 0. 0. 1. 0. 0. 0. 2. 0.]
 [1. 0. 4. 0. 0. 0. 0. 0. 1. 0. 4.]
 [0. 0. 0. 0. 0. 0. 0. 0. 0. 0. 0.]]"
inhibition_rest_classic,5464,125,0.15,0.35,0.39,0.6910967180471796,0.41904997962175367,-196.29732671651925,"[[3. 0. 0. 0. 2. 0. 0. 2. 0. 2. 1.]
 [2. 0. 1. 0. 3. 0. 0. 0. 0. 4. 0.]
 [4. 0. 1. 2. 1. 0. 0. 2. 0. 0. 0.]
 [3. 0. 1. 0. 3. 0. 0. 0. 1. 1. 1.]
 [6. 0. 0. 0. 2. 0. 0. 1. 0. 0. 1.]
 [5. 0. 0. 0. 1. 0. 0. 0. 0. 2. 2.]
 [3. 0. 2. 1. 0. 0. 0. 3. 0. 0. 1.]
 [3. 0. 0. 0. 0. 0. 0. 0. 1. 3. 3.]
 [4. 0. 0. 0. 1. 0. 0. 0. 0. 3. 2.]
 [6. 0. 0. 0. 1. 0. 0. 1. 0. 0. 2.]
 [0. 0. 0. 0. 0. 0. 0. 0. 0. 0. 0.]]"
inhibition_rest_classic,5464,125,0.09,0.23,0.46,0.6999141027644918,0.40966243301377653,-198.25774414033935,"[[2. 1. 2. 0. 1. 2. 0. 1. 1. 0. 0.]
 [4. 0. 2. 1. 0. 1. 0. 1. 1. 0. 0.]
 [4. 1. 1. 1. 2. 0. 0. 0. 0. 1. 0.]
 [4. 0. 1. 1. 0. 0. 0. 1. 2. 1. 0.]
 [8. 0. 1. 0. 0. 1. 0. 0. 0. 0. 0.]
 [5. 0. 0. 1. 2. 0. 0. 2. 0. 0. 0.]
 [4. 0. 3. 1. 0. 0. 0. 1. 1. 0. 0.]
 [3. 2. 0. 1. 2. 1. 0. 0. 1. 0. 0.]
 [6. 0. 1. 1. 0. 0. 0. 0. 0. 2. 0.]
 [6. 0. 0. 0. 0. 1. 0. 1. 1. 1. 0.]
 [0. 0. 0. 0. 0. 0. 0. 0. 0. 0. 0.]]"
inhibition_rest_classic,5464,125,0.05,0.31,0.38,0.7547750666195768,0.453839802886058,-196.51253837208853,"[[3. 3. 0. 0. 0. 2. 0. 1. 0. 0. 1.]
 [3. 1. 0. 0. 0. 3. 1. 1. 0. 0. 1.]
 [6. 3. 0. 0. 0. 1. 0. 0. 0. 0. 0.]
 [6. 2. 0. 0. 0. 0. 0. 2. 0. 0. 0.]
 [3. 1. 0. 0. 0. 0. 2. 3. 0. 0. 1.]
 [4. 1. 0. 0. 0. 1. 0. 4. 0. 0. 0.]
 [4. 1. 0. 0. 0. 2. 0. 2. 0. 0. 1.]
 [2. 1. 0. 0. 0. 2. 0. 2. 0. 0. 3.]
 [2. 1. 0. 0. 0. 1. 1. 3. 0. 0. 2.]
 [5. 0. 0. 0. 0. 2. 1. 2. 0. 0. 0.]
 [0. 0. 0. 0. 0. 0. 0. 0. 0. 0. 0.]]"
inhibition_rest_classic,5464,125,0.1,0.38,0.42,0.7104776777064058,0.41911511189047446,-198.43028895195653,"[[5. 1. 0. 0. 0. 0. 0. 0. 3. 1. 0.]
 [1. 0. 2. 3. 0. 0. 0. 0. 1. 3. 0.]
 [4. 0. 0. 2. 0. 0. 2. 0. 0. 2. 0.]
 [6. 1. 0. 1. 0. 0. 2. 0. 0. 0. 0.]
 [4. 2. 0. 0. 0. 0. 4. 0. 0. 0. 0.]
 [3. 1. 0. 3. 0. 0. 3. 0. 0. 0. 0.]
 [4. 2. 0. 0. 0. 0. 2. 0. 1. 1. 0.]
 [8. 0. 0. 0. 0. 0. 0. 0. 1. 1. 0.]
 [3. 1. 0. 3. 0. 0. 2. 0. 0. 1. 0.]
 [4. 1. 1. 0. 0. 0. 2. 0. 1. 1. 0.]
 [0. 0. 0. 0. 0. 0. 0. 0. 0. 0. 0.]]"
inhibition_rest_classic,5464,150,0.03,0.4,0.49,0.6575850882176666,0.4003987891835479,-197.92964700049856,"[[4. 0. 0. 0. 0. 0. 2. 2. 1. 1. 0.]
 [6. 0. 0. 0. 0. 0. 1. 1. 2. 0. 0.]
 [6. 0. 2. 0. 1. 0. 0. 0. 0. 1. 0.]
 [5. 0. 0. 0. 1. 1. 1. 1. 0. 1. 0.]
 [6. 0. 0. 2. 1. 0. 1. 0. 0. 0. 0.]
 [4. 0. 1. 0. 1. 1. 0. 1. 0. 2. 0.]
 [6. 0. 0. 0. 1. 0. 3. 0. 0. 0. 0.]
 [4. 0. 1. 1. 1. 0. 0. 2. 1. 0. 0.]
 [5. 0. 0. 0. 0. 0. 2. 1. 1. 1. 0.]
 [3. 0. 1. 0. 1. 0. 1. 3. 1. 0. 0.]
 [0. 0. 0. 0. 0. 0. 0. 0. 0. 0. 0.]]"
inhibition_rest_classic,5464,150,0.13,0.33,0.5,0.6205370075803258,0.3851276497086879,-197.47625503346046,"[[3. 2. 2. 1. 0. 0. 0. 0. 2. 0. 0.]
 [4. 0. 1. 3. 0. 0. 1. 1. 0. 0. 0.]
 [4. 2. 1. 2. 0. 0. 0. 1. 0. 0. 0.]
 [4. 0. 3. 1. 0. 0. 1. 0. 0. 1. 0.]
 [6. 1. 0. 3. 0. 0. 0. 0. 0. 0. 0.]
 [6. 0. 0. 1. 0. 0. 2. 1. 0. 0. 0.]
 [4. 1. 0. 1. 0. 0. 2. 2. 0. 0. 0.]
 [4. 1. 0. 1. 0. 0. 0. 1. 2. 1. 0.]
 [6. 1. 0. 0. 0. 0. 0. 1. 0. 2. 0.]
 [9. 1. 0. 0. 0. 0. 0. 0. 0. 0. 0.]
 [0. 0. 0. 0. 0. 0. 0. 0. 0. 0. 0.]]"
inhibition_rest_classic,5464,150,0.07,0.36,0.69,0.542422854274719,0.361542290550462,-199.78603305455948,"[[7. 1. 1. 0. 0. 0. 0. 0. 0. 1. 0.]
 [7. 1. 2. 0. 0. 0. 0. 0. 0. 0. 0.]
 [6. 0. 1. 0. 1. 0. 0. 0. 0. 1. 1.]
 [7. 0. 0. 0. 2. 0. 0. 0. 1. 0. 0.]
 [9. 0. 0. 0. 1. 0. 0. 0. 0. 0. 0.]
 [7. 0. 0. 2. 1. 0. 0. 0. 0. 0. 0.]
 [6. 1. 0. 0. 0. 0. 0. 0. 0. 1. 2.]
 [5. 1. 1. 1. 2. 0. 0. 0. 0. 0. 0.]
 [7. 0. 0. 0. 2. 0. 0. 0. 0. 1. 0.]
 [8. 1. 0. 0. 0. 0. 0. 0. 0. 0. 1.]
 [0. 0. 0. 0. 0. 0. 0. 0. 0. 0. 0.]]"
inhibition_rest_classic,5464,150,0.12,0.48,0.58,0.5796782834134551,0.3861646676813744,-195.5439962810031,"[[5. 2. 2. 1. 0. 0. 0. 0. 0. 0. 0.]
 [8. 0. 2. 0. 0. 0. 0. 0. 0. 0. 0.]
 [6. 0. 0. 3. 0. 0. 0. 0. 1. 0. 0.]
 [7. 0. 1. 0. 0. 0. 0. 1. 0. 1. 0.]
 [4. 2. 0. 1. 0. 0. 0. 2. 1. 0. 0.]
 [6. 0. 0. 0. 0. 0. 1. 2. 0. 1. 0.]
 [7. 0. 0. 0. 0. 0. 0. 2. 0. 1. 0.]
 [6. 1. 0. 0. 1. 0. 0. 2. 0. 0. 0.]
 [4. 0. 1. 2. 0. 0. 1. 0. 0. 2. 0.]
 [5. 0. 0. 0. 0. 0. 1. 2. 2. 0. 0.]
 [0. 0. 0. 0. 0. 0. 0. 0. 0. 0. 0.]]"
inhibition_rest_classic,5464,150,0.09,0.34,0.55,0.6638095737340562,0.412046915397361,-199.7849717295426,"[[5. 0. 0. 1. 1. 1. 0. 0. 2. 0. 0.]
 [5. 0. 0. 1. 0. 1. 0. 1. 2. 0. 0.]
 [6. 0. 0. 3. 0. 0. 0. 1. 0. 0. 0.]
 [6. 0. 0. 3. 0. 0. 0. 0. 1. 0. 0.]
 [5. 0. 0. 2. 0. 2. 0. 0. 1. 0. 0.]
 [7. 0. 0. 3. 0. 0. 0. 0. 0. 0. 0.]
 [5. 0. 0. 2. 0. 1. 0. 1. 1. 0. 0.]
 [8. 0. 0. 0. 0. 0. 0. 0. 2. 0. 0.]
 [5. 0. 1. 1. 0. 0. 0. 0. 2. 1. 0.]
 [3. 0. 0. 4. 0. 1. 0. 1. 1. 0. 0.]
 [0. 0. 0. 0. 0. 0. 0. 0. 0. 0. 0.]]"
inhibition_rest_classic,5464,175,0.03,0.18,0.71,0.5204937782202226,0.3486226135928389,-200.33875831727164,"[[6. 0. 2. 0. 0. 1. 0. 0. 1. 0. 0.]
 [7. 0. 0. 0. 0. 0. 1. 1. 1. 0. 0.]
 [7. 0. 1. 2. 0. 0. 0. 0. 0. 0. 0.]
 [9. 0. 0. 0. 0. 0. 0. 0. 1. 0. 0.]
 [8. 0. 0. 0. 0. 0. 0. 0. 1. 0. 1.]
 [7. 0. 2. 1. 0. 0. 0. 0. 0. 0. 0.]
 [7. 0. 0. 1. 0. 0. 1. 0. 1. 0. 0.]
 [6. 0. 0. 0. 0. 1. 1. 0. 1. 0. 1.]
 [7. 0. 0. 1. 0. 0. 1. 0. 0. 0. 1.]
 [7. 0. 0. 0. 0. 1. 1. 0. 1. 0. 0.]
 [0. 0. 0. 0. 0. 0. 0. 0. 0. 0. 0.]]"
inhibition_rest_classic,5464,175,0.06,0.28,0.7,0.5552867310184356,0.3897183023401713,-200.42655407609473,"[[8. 0. 1. 0. 0. 0. 0. 0. 1. 0. 0.]
 [7. 0. 0. 0. 0. 0. 0. 2. 1. 0. 0.]
 [6. 0. 0. 0. 0. 2. 0. 1. 0. 0. 1.]
 [6. 1. 1. 0. 0. 0. 1. 0. 1. 0. 0.]
 [7. 0. 0. 1. 0. 1. 0. 1. 0. 0. 0.]
 [7. 0. 0. 0. 0. 0. 0. 2. 0. 0. 1.]
 [5. 0. 0. 0. 0. 0. 0. 3. 0. 0. 2.]
 [7. 0. 1. 0. 0. 0. 0. 0. 1. 0. 1.]
 [8. 1. 1. 0. 0. 0. 0. 0. 0. 0. 0.]
 [9. 0. 0. 0. 0. 0. 0. 0. 0. 0. 1.]
 [0. 0. 0. 0. 0. 0. 0. 0. 0. 0. 0.]]"
inhibition_rest_classic,5464,175,0.07,0.26,0.79,0.4477605196549786,0.33699474606099394,-199.39684846699322,"[[ 8.  0.  0.  0.  1.  1.  0.  0.  0.  0.  0.]
 [10.  0.  0.  0.  0.  0.  0.  0.  0.  0.  0.]
 [ 8.  0.  0.  1.  1.  0.  0.  0.  0.  0.  0.]
 [ 9.  0.  0.  0.  1.  0.  0.  0.  0.  0.  0.]
 [ 9.  0.  0.  1.  0.  0.  0.  0.  0.  0.  0.]
 [ 6.  0.  0.  0.  2.  2.  0.  0.  0.  0.  0.]
 [ 7.  0.  0.  0.  0.  2.  0.  1.  0.  0.  0.]
 [ 5.  0.  0.  1.  0.  0.  0.  0.  4.  0.  0.]
 [ 8.  0.  0.  0.  0.  0.  0.  1.  1.  0.  0.]
 [ 9.  0.  1.  0.  0.  0.  0.  0.  0.  0.  0.]
 [ 0.  0.  0.  0.  0.  0.  0.  0.  0.  0.  0.]]"
inhibition_rest_classic,5464,175,0.03,0.31,0.71,0.5195494714829803,0.3396314435231912,-200.26695704592174,"[[6. 0. 0. 0. 1. 1. 1. 0. 0. 0. 1.]
 [8. 1. 0. 0. 0. 0. 0. 0. 0. 0. 1.]
 [9. 0. 0. 0. 0. 0. 1. 0. 0. 0. 0.]
 [8. 0. 0. 0. 0. 0. 0. 1. 0. 1. 0.]
 [5. 0. 0. 1. 0. 0. 1. 2. 0. 0. 1.]
 [8. 0. 0. 0. 0. 0. 0. 0. 1. 0. 1.]
 [9. 0. 0. 0. 0. 0. 0. 1. 0. 0. 0.]
 [7. 0. 0. 0. 1. 0. 0. 0. 1. 1. 0.]
 [5. 1. 0. 0. 0. 0. 0. 1. 0. 1. 2.]
 [6. 0. 0. 0. 0. 1. 0. 0. 1. 2. 0.]
 [0. 0. 0. 0. 0. 0. 0. 0. 0. 0. 0.]]"
inhibition_rest_classic,5464,175,0.06,0.3,0.69,0.5522872216081711,0.37492038321724963,-199.18192956892617,"[[6. 3. 0. 1. 0. 0. 0. 0. 0. 0. 0.]
 [7. 1. 0. 1. 0. 0. 0. 0. 0. 0. 1.]
 [8. 0. 0. 2. 0. 0. 0. 0. 0. 0. 0.]
 [6. 2. 0. 0. 0. 0. 0. 0. 0. 2. 0.]
 [6. 1. 0. 1. 0. 0. 1. 0. 0. 0. 1.]
 [9. 1. 0. 0. 0. 0. 0. 0. 0. 0. 0.]
 [8. 0. 0. 2. 0. 0. 0. 0. 0. 0. 0.]
 [8. 1. 0. 0. 0. 0. 0. 0. 0. 0. 1.]
 [7. 0. 0. 1. 0. 0. 0. 0. 0. 1. 1.]
 [4. 1. 0. 3. 0. 0. 2. 0. 0. 0. 0.]
 [0. 0. 0. 0. 0. 0. 0. 0. 0. 0. 0.]]"
inhibition_rest_classic,5464,200,0.04,0.25,0.8,0.4126473712787334,0.3188449043706191,-201.18579567355243,"[[8. 0. 0. 0. 0. 1. 0. 1. 0. 0. 0.]
 [8. 0. 0. 0. 0. 1. 0. 1. 0. 0. 0.]
 [8. 0. 0. 0. 0. 0. 0. 2. 0. 0. 0.]
 [8. 0. 1. 0. 0. 0. 0. 1. 0. 0. 0.]
 [9. 0. 0. 0. 0. 0. 0. 1. 0. 0. 0.]
 [7. 0. 0. 0. 0. 0. 0. 1. 0. 1. 1.]
 [9. 0. 0. 0. 0. 1. 0. 0. 0. 0. 0.]
 [9. 0. 0. 0. 0. 0. 0. 0. 1. 0. 0.]
 [7. 0. 0. 0. 0. 0. 1. 1. 0. 1. 0.]
 [7. 0. 0. 0. 0. 0. 0. 1. 0. 0. 2.]
 [0. 0. 0. 0. 0. 0. 0. 0. 0. 0. 0.]]"
inhibition_rest_classic,5464,200,0.01,0.26,0.82,0.45641707918325847,0.3559174999525372,-201.5207269536041,"[[ 8.  0.  0.  1.  0.  0.  0.  1.  0.  0.  0.]
 [ 9.  0.  0.  0.  0.  1.  0.  0.  0.  0.  0.]
 [ 8.  0.  0.  0.  0.  0.  0.  2.  0.  0.  0.]
 [ 7.  0.  0.  0.  0.  2.  0.  0.  1.  0.  0.]
 [ 9.  0.  0.  0.  0.  0.  0.  0.  1.  0.  0.]
 [10.  0.  0.  0.  0.  0.  0.  0.  0.  0.  0.]
 [ 6.  1.  0.  0.  0.  2.  0.  1.  0.  0.  0.]
 [ 8.  0.  1.  0.  0.  0.  0.  1.  0.  0.  0.]
 [ 9.  0.  0.  1.  0.  0.  0.  0.  0.  0.  0.]
 [ 8.  0.  1.  0.  0.  1.  0.  0.  0.  0.  0.]
 [ 0.  0.  0.  0.  0.  0.  0.  0.  0.  0.  0.]]"
inhibition_rest_classic,5464,200,0.03,0.2,0.87,0.38982280001733155,0.2654356716218763,-202.16752933994087,"[[ 9.  0.  0.  1.  0.  0.  0.  0.  0.  0.  0.]
 [10.  0.  0.  0.  0.  0.  0.  0.  0.  0.  0.]
 [ 9.  0.  0.  0.  0.  0.  0.  0.  0.  1.  0.]
 [ 9.  0.  0.  0.  0.  0.  0.  0.  0.  1.  0.]
 [10.  0.  0.  0.  0.  0.  0.  0.  0.  0.  0.]
 [ 7.  0.  0.  0.  0.  1.  1.  0.  0.  1.  0.]
 [ 9.  0.  0.  0.  0.  0.  0.  1.  0.  0.  0.]
 [ 6.  0.  0.  1.  0.  0.  0.  0.  0.  3.  0.]
 [ 8.  0.  0.  0.  1.  0.  0.  0.  0.  1.  0.]
 [10.  0.  0.  0.  0.  0.  0.  0.  0.  0.  0.]
 [ 0.  0.  0.  0.  0.  0.  0.  0.  0.  0.  0.]]"
inhibition_rest_classic,5464,200,0.03,0.19,0.87,0.4626833665594974,0.34710857274997964,-202.19465711967533,"[[ 8.  2.  0.  0.  0.  0.  0.  0.  0.  0.  0.]
 [ 9.  1.  0.  0.  0.  0.  0.  0.  0.  0.  0.]
 [10.  0.  0.  0.  0.  0.  0.  0.  0.  0.  0.]
 [10.  0.  0.  0.  0.  0.  0.  0.  0.  0.  0.]
 [ 7.  0.  0.  0.  0.  1.  0.  1.  0.  1.  0.]
 [ 9.  1.  0.  0.  0.  0.  0.  0.  0.  0.  0.]
 [10.  0.  0.  0.  0.  0.  0.  0.  0.  0.  0.]
 [ 7.  0.  0.  0.  0.  0.  0.  2.  0.  0.  1.]
 [ 9.  0.  0.  0.  0.  1.  0.  0.  0.  0.  0.]
 [ 8.  1.  0.  0.  0.  0.  0.  1.  0.  0.  0.]
 [ 0.  0.  0.  0.  0.  0.  0.  0.  0.  0.  0.]]"
inhibition_rest_classic,5464,200,0.03,0.2,0.83,0.29889420203631956,0.23710924243824844,-202.8222123904145,"[[ 7.  1.  0.  1.  0.  0.  1.  0.  0.  0.  0.]
 [ 9.  0.  0.  0.  0.  0.  0.  0.  0.  1.  0.]
 [ 9.  1.  0.  0.  0.  0.  0.  0.  0.  0.  0.]
 [ 7.  0.  0.  0.  0.  2.  0.  0.  0.  1.  0.]
 [ 7.  0.  0.  0.  0.  0.  0.  0.  1.  1.  1.]
 [10.  0.  0.  0.  0.  0.  0.  0.  0.  0.  0.]
 [ 9.  1.  0.  0.  0.  0.  0.  0.  0.  0.  0.]
 [ 9.  0.  0.  0.  0.  0.  0.  0.  0.  0.  1.]
 [ 8.  0.  0.  0.  0.  0.  0.  0.  0.  2.  0.]
 [ 8.  0.  0.  0.  0.  0.  0.  0.  0.  2.  0.]
 [ 0.  0.  0.  0.  0.  0.  0.  0.  0.  0.  0.]]"
